Station,name,prices,longitude,latitude
Blue Energy,Blue Energy Panacan,Diesel = 5.0,129.953278,21.674532
Phoenix,Phoenix Lanang,Premium = 150.0,108.995568,19.199321
Gas Island,Gas Island Digos,Gasoline = 777.77,128.631031,26.364765
Jetti,Jetti Ulas,Diesel = 5.0,142.897395,12.982493
Shell,Shell Toril,VPower Diesel = 999.99,138.310447,1.849952
Uni Oil,Uni Oil Mintal,Regular = 5.0,149.83215,1.717057
Caltex,Caltex Buhangin,Premium = 999.99,126.358502,0.424354
SK,SK Catalunan,Regular = 999.99,133.083543,17.794987
Gas Island,Gas Island Lanang,Diesel = 1.5,134.109042,2.868119
Blue Energy,Blue Energy Digos,Premium = 500.0,119.547214,5.294589
Blue Energy,Blue Energy Panacan,Gasoline = 2.25,118.126798,27.296208
Caltex,Caltex Panacan,Regular = 2.25,125.35969,1.322352
Uni Oil,Uni Oil Catalunan,Regular = 2.25,136.949966,3.258484
Jetti,Jetti Buhangin,Premium = 1500.0,128.517885,2.584369
Petron,Petron Ulas,Regular = 500.0,116.580803,22.667665
Gas Island,Gas Island Panacan,VPower Diesel = 777.77,111.777359,12.58561
Uni Oil,Uni Oil Matina,Diesel = 150.0,125.730712,10.23804
Sea Oil,Sea Oil Lanang,Premium = 999.99,136.882048,20.71728
Phoenix,Phoenix Panacan,VPower Diesel = 0.99,141.120119,3.369154
Sea Oil,Sea Oil Buhangin,Regular = 2.25,135.002061,2.70851
Blue Energy,Blue Energy Matina,Diesel = 1500.0,132.698667,28.847875
Shell,Shell Bangkal,Gasoline = 777.77,123.557489,4.741834
Phoenix,Phoenix Ulas,Diesel = 1500.0,124.289626,0.780666
SK,SK Lanang,Regular = 9.99,115.429636,8.395713
SK,SK Lanang,VPower Diesel = 250.5,123.712096,4.783602
Petron,Petron Matina,Diesel = 0.99,104.760045,20.461629
Sea Oil,Sea Oil Catalunan,VPower Diesel = 999.99,128.119327,25.061456
Phoenix,Phoenix Toril,VPower Diesel = 5.0,126.657775,6.067666
Petron,Petron Matina,Gasoline = 1.5,117.370845,3.901166
Sea Oil,Sea Oil Bangkal,Regular = 0.99,138.501731,3.178091
Gas Island,Gas Island Bangkal,VPower Diesel = 500.0,109.711137,26.17903
Jetti,Jetti Catalunan,Diesel = 250.5,111.954696,20.052902
Gas Island,Gas Island Catalunan,Gasoline = 1500.0,109.959314,18.938302
Phoenix,Phoenix Mintal,Regular = 150.0,136.052289,9.262715
Shell,Shell Bangkal,Regular = 2.25,121.951911,23.088583
Jetti,Jetti Lanang,Diesel = 777.77,112.250609,5.262716
Phoenix,Phoenix Lanang,VPower Diesel = 999.99,115.475033,1.944473
Caltex,Caltex Digos,Diesel = 5.0,122.75624,2.698875
Petron,Petron Digos,Premium = 5.0,132.696736,14.950609
Sea Oil,Sea Oil Ulas,VPower Diesel = 250.5,136.085291,13.820876
Blue Energy,Blue Energy Digos,Gasoline = 5.0,107.061917,5.396116
Shell,Shell Digos,Regular = 2.25,126.200252,29.222935
SK,SK Digos,Premium = 2.25,104.640566,23.08833
Gas Island,Gas Island Matina,Diesel = 2.25,107.669499,28.765765
Jetti,Jetti Mintal,Premium = 2.25,136.656223,3.199207
Petron,Petron Lanang,Premium = 0.99,134.599047,12.803457
Phoenix,Phoenix Panacan,VPower Diesel = 250.5,131.330532,25.365447
Jetti,Jetti Lanang,Diesel = 1.5,103.631026,22.125702
Gas Island,Gas Island Digos,Gasoline = 1500.0,102.159381,25.286386
Jetti,Jetti Ulas,VPower Diesel = 1500.0,109.285945,5.222018
Petron,Petron Catalunan,Diesel = 0.99,131.340163,13.753858
SK,SK Panacan,Premium = 777.77,149.401965,2.445001
SK,SK Bangkal,VPower Diesel = 9.99,121.315997,8.867928
Sea Oil,Sea Oil Toril,Diesel = 150.0,106.130731,5.466477
Phoenix,Phoenix Digos,VPower Diesel = 2.25,112.901841,27.825155
Shell,Shell Toril,Regular = 2.25,126.366635,22.632597
Shell,Shell Ulas,Diesel = 777.77,118.503377,5.806163
Blue Energy,Blue Energy Matina,Gasoline = 2.25,141.398082,6.967048
Caltex,Caltex Lanang,Regular = 9.99,131.93289,22.628853
SK,SK Buhangin,Regular = 777.77,125.649421,5.443756
Gas Island,Gas Island Buhangin,VPower Diesel = 150.0,126.62926,17.756002
Petron,Petron Ulas,Gasoline = 1.5,107.703416,9.524448
Caltex,Caltex Digos,Diesel = 5.0,100.381117,4.246812
Caltex,Caltex Mintal,Diesel = 0.99,133.107389,6.337309
SK,SK Matina,Regular = 9.99,103.5879,1.313459
Petron,Petron Buhangin,VPower Diesel = 999.99,108.307543,24.477125
SK,SK Buhangin,Regular = 150.0,149.952703,18.339193
Uni Oil,Uni Oil Panacan,VPower Diesel = 2.25,105.297955,10.008449
Caltex,Caltex Ulas,Regular = 150.0,113.6698,0.296795
Jetti,Jetti Digos,Premium = 777.77,114.238474,20.919267
Sea Oil,Sea Oil Lanang,Regular = 250.5,138.897271,27.254553
Blue Energy,Blue Energy Toril,Premium = 500.0,149.949109,28.623135
Shell,Shell Ulas,VPower Diesel = 777.77,138.513425,12.785961
Jetti,Jetti Panacan,Regular = 999.99,144.183891,17.859382
Blue Energy,Blue Energy Buhangin,Regular = 999.99,139.031449,24.023242
Blue Energy,Blue Energy Lanang,Diesel = 250.5,117.906178,10.070042
Gas Island,Gas Island Panacan,Diesel = 0.99,113.621273,3.745239
Blue Energy,Blue Energy Panacan,VPower Diesel = 999.99,135.739514,12.003777
Caltex,Caltex Panacan,Regular = 9.99,131.197563,21.483882
Gas Island,Gas Island Bangkal,Gasoline = 777.77,142.445997,19.107858
Shell,Shell Buhangin,Premium = 1.5,108.803548,7.054512
Sea Oil,Sea Oil Digos,Premium = 1500.0,125.613741,9.153401
Sea Oil,Sea Oil Bangkal,Gasoline = 250.5,108.953065,28.595745
Petron,Petron Bangkal,Gasoline = 500.0,115.026665,19.183986
Sea Oil,Sea Oil Lanang,VPower Diesel = 777.77,148.670381,20.388456
Petron,Petron Toril,VPower Diesel = 777.77,148.2299,18.042612
Caltex,Caltex Mintal,Regular = 777.77,116.175662,25.70039
Phoenix,Phoenix Lanang,Gasoline = 0.99,137.968989,28.250144
Sea Oil,Sea Oil Toril,Premium = 1500.0,139.563771,21.004691
Uni Oil,Uni Oil Digos,Regular = 500.0,104.172248,6.138546
SK,SK Mintal,Diesel = 500.0,128.862234,20.736954
Shell,Shell Toril,Premium = 9.99,135.428704,16.999842
Phoenix,Phoenix Ulas,Diesel = 2.25,132.947181,8.017861
Jetti,Jetti Ulas,Gasoline = 2.25,144.134814,27.477807
SK,SK Lanang,Regular = 999.99,133.252287,21.29082
Gas Island,Gas Island Matina,VPower Diesel = 0.99,128.658531,2.155389
Uni Oil,Uni Oil Digos,Premium = 500.0,129.177635,22.579382
Gas Island,Gas Island Catalunan,Premium = 1.5,103.15291,12.547994
Blue Energy,Blue Energy Ulas,VPower Diesel = 5.0,110.04315,10.121029
SK,SK Lanang,Diesel = 9.99,113.42631,4.441594
Jetti,Jetti Bangkal,Gasoline = 150.0,137.709632,23.21476
Jetti,Jetti Buhangin,Diesel = 1500.0,107.891217,19.357287
Phoenix,Phoenix Panacan,Diesel = 1.5,130.81724,12.233455
Petron,Petron Lanang,Diesel = 5.0,108.922761,24.044782
Jetti,Jetti Digos,Gasoline = 0.99,148.186555,2.537809
Blue Energy,Blue Energy Toril,Diesel = 777.77,128.316794,29.411442
Sea Oil,Sea Oil Toril,VPower Diesel = 5.0,137.977123,5.29033
Gas Island,Gas Island Catalunan,VPower Diesel = 1500.0,128.321725,18.662448
Petron,Petron Lanang,Premium = 5.0,123.599946,0.229394
Uni Oil,Uni Oil Matina,Premium = 9.99,132.871575,16.396045
Phoenix,Phoenix Bangkal,Diesel = 2.25,101.779508,9.63337
Blue Energy,Blue Energy Catalunan,Gasoline = 250.5,115.175233,9.100578
Caltex,Caltex Bangkal,Premium = 0.99,114.73451,11.818537
Phoenix,Phoenix Digos,Gasoline = 9.99,140.658571,13.999832
Gas Island,Gas Island Ulas,Diesel = 500.0,119.495825,24.43774
Gas Island,Gas Island Matina,Premium = 1500.0,118.764889,6.089192
Blue Energy,Blue Energy Bangkal,Gasoline = 2.25,130.930508,19.003162
Gas Island,Gas Island Bangkal,Regular = 9.99,137.382347,23.131419
Sea Oil,Sea Oil Toril,VPower Diesel = 0.99,145.271031,6.633558
Petron,Petron Catalunan,Gasoline = 1.5,127.450534,25.374204
Gas Island,Gas Island Lanang,VPower Diesel = 9.99,104.916648,16.169252
Phoenix,Phoenix Matina,Premium = 500.0,149.972318,11.388418
Caltex,Caltex Toril,Gasoline = 250.5,113.569246,17.986371
Gas Island,Gas Island Buhangin,Premium = 150.0,136.620486,5.602619
Shell,Shell Catalunan,Regular = 500.0,136.534548,13.24769
Phoenix,Phoenix Panacan,Regular = 1.5,145.2173,3.944272
Uni Oil,Uni Oil Mintal,Regular = 999.99,130.191018,11.46537
Uni Oil,Uni Oil Matina,Premium = 150.0,149.873761,18.68381
Phoenix,Phoenix Bangkal,VPower Diesel = 2.25,135.421843,0.505979
Shell,Shell Mintal,VPower Diesel = 999.99,132.880985,7.418885
Uni Oil,Uni Oil Mintal,Gasoline = 0.99,103.059141,1.353088
Shell,Shell Matina,Premium = 9.99,104.413415,19.701485
Phoenix,Phoenix Digos,Premium = 500.0,119.955203,2.812712
Caltex,Caltex Matina,Diesel = 250.5,106.469777,9.996101
Gas Island,Gas Island Digos,Regular = 2.25,115.556924,19.122533
Sea Oil,Sea Oil Catalunan,Gasoline = 999.99,109.49299,10.978593
Uni Oil,Uni Oil Catalunan,Regular = 500.0,125.997207,0.058145
Caltex,Caltex Catalunan,Premium = 500.0,104.505792,2.500756
Jetti,Jetti Buhangin,Premium = 1.5,114.550138,2.47281
Phoenix,Phoenix Catalunan,VPower Diesel = 777.77,128.065402,22.830328
SK,SK Mintal,Premium = 1500.0,135.505204,19.318991
Jetti,Jetti Buhangin,Regular = 2.25,147.406162,2.37256
Jetti,Jetti Bangkal,Regular = 2.25,129.956207,25.230838
Gas Island,Gas Island Buhangin,VPower Diesel = 5.0,142.133222,29.590618
Blue Energy,Blue Energy Panacan,Gasoline = 5.0,121.269542,15.424615
Blue Energy,Blue Energy Mintal,Gasoline = 150.0,103.124615,29.900521
Blue Energy,Blue Energy Mintal,Gasoline = 777.77,102.822645,9.416406
Shell,Shell Digos,Premium = 777.77,147.155304,8.451837
Petron,Petron Digos,Premium = 0.99,101.852242,15.363549
Petron,Petron Ulas,Premium = 1500.0,143.924087,16.540258
SK,SK Matina,Regular = 500.0,139.167318,6.614364
Gas Island,Gas Island Catalunan,Gasoline = 1500.0,108.248879,20.513513
Shell,Shell Toril,VPower Diesel = 999.99,109.429805,14.644391
Blue Energy,Blue Energy Buhangin,Regular = 9.99,119.262213,25.172044
SK,SK Digos,VPower Diesel = 2.25,118.246967,19.555221
Gas Island,Gas Island Bangkal,Gasoline = 9.99,105.58568,8.310805
SK,SK Catalunan,Premium = 250.5,126.881917,26.5872
Petron,Petron Lanang,Gasoline = 1500.0,117.184517,11.983895
Caltex,Caltex Lanang,Diesel = 999.99,142.148844,3.835769
Blue Energy,Blue Energy Buhangin,Diesel = 5.0,139.001968,15.648716
Phoenix,Phoenix Matina,Diesel = 999.99,140.396844,16.521215
Uni Oil,Uni Oil Bangkal,VPower Diesel = 500.0,112.464159,24.487643
Shell,Shell Toril,Diesel = 1.5,112.771232,7.708569
Caltex,Caltex Toril,Gasoline = 999.99,105.723674,2.293144
Uni Oil,Uni Oil Buhangin,VPower Diesel = 1500.0,100.377802,1.17474
Phoenix,Phoenix Digos,Regular = 0.99,128.098914,29.128873
Shell,Shell Buhangin,VPower Diesel = 0.99,136.483955,29.292979
Uni Oil,Uni Oil Catalunan,Diesel = 150.0,107.055015,26.416163
Gas Island,Gas Island Buhangin,Regular = 1.5,103.41644,3.281005
Shell,Shell Bangkal,Gasoline = 0.99,122.279697,13.687027
Uni Oil,Uni Oil Toril,Gasoline = 1500.0,129.792655,22.105648
Blue Energy,Blue Energy Bangkal,Gasoline = 2.25,121.486395,28.66769
Petron,Petron Bangkal,Premium = 1500.0,130.715489,17.521992
Phoenix,Phoenix Bangkal,Gasoline = 2.25,113.025096,14.315503
Sea Oil,Sea Oil Matina,Premium = 777.77,145.245614,13.549732
Phoenix,Phoenix Mintal,Premium = 1.5,101.660362,15.246467
Phoenix,Phoenix Lanang,Regular = 1500.0,146.381328,12.49304
Blue Energy,Blue Energy Digos,Regular = 500.0,128.066329,19.816271
Phoenix,Phoenix Digos,Diesel = 5.0,142.655488,29.301953
Jetti,Jetti Buhangin,Diesel = 1500.0,106.960694,21.244638
Shell,Shell Toril,Gasoline = 0.99,119.197872,29.375869
Sea Oil,Sea Oil Buhangin,Gasoline = 500.0,138.111461,19.590574
SK,SK Toril,Regular = 250.5,143.889777,21.795509
Jetti,Jetti Lanang,Regular = 250.5,134.595266,25.066666
Jetti,Jetti Lanang,Regular = 9.99,144.776377,13.49564
Phoenix,Phoenix Buhangin,Diesel = 250.5,110.101674,29.445058
Uni Oil,Uni Oil Bangkal,Diesel = 150.0,125.688403,5.020871
SK,SK Toril,Diesel = 250.5,140.54934,7.608683
Jetti,Jetti Lanang,VPower Diesel = 0.99,125.239602,21.407164
Uni Oil,Uni Oil Bangkal,Regular = 2.25,103.810067,14.448207
Sea Oil,Sea Oil Ulas,Diesel = 999.99,124.792083,19.911903
SK,SK Ulas,Gasoline = 2.25,132.783838,7.75389
Petron,Petron Digos,Diesel = 500.0,120.93182,0.461278
Sea Oil,Sea Oil Catalunan,Gasoline = 5.0,139.237928,7.326006
Sea Oil,Sea Oil Mintal,Regular = 150.0,115.314418,24.75748
SK,SK Toril,Diesel = 5.0,138.007797,13.254619
SK,SK Digos,Diesel = 0.99,113.439352,19.571619
SK,SK Matina,Gasoline = 5.0,149.737445,9.636837
Shell,Shell Panacan,Gasoline = 0.99,120.122673,2.560572
SK,SK Mintal,VPower Diesel = 1.5,147.171937,13.90355
Caltex,Caltex Buhangin,Diesel = 500.0,105.738681,7.364264
SK,SK Buhangin,VPower Diesel = 150.0,109.941842,23.424469
Caltex,Caltex Catalunan,Diesel = 5.0,130.604709,12.194756
Shell,Shell Catalunan,Gasoline = 500.0,145.123,8.394604
Blue Energy,Blue Energy Matina,Regular = 1500.0,116.634535,18.867136
Uni Oil,Uni Oil Catalunan,VPower Diesel = 999.99,140.701021,22.603241
Uni Oil,Uni Oil Buhangin,VPower Diesel = 777.77,142.186404,1.94533
Phoenix,Phoenix Bangkal,VPower Diesel = 500.0,113.240227,9.579431
Caltex,Caltex Bangkal,Premium = 777.77,118.087278,13.040687
Phoenix,Phoenix Lanang,Premium = 0.99,101.459172,6.906618
Shell,Shell Lanang,Diesel = 1.5,145.05965,20.043371
Gas Island,Gas Island Panacan,Diesel = 2.25,140.309339,5.167955
Shell,Shell Mintal,Gasoline = 0.99,137.108499,17.020783
Gas Island,Gas Island Catalunan,Regular = 777.77,117.886844,20.635793
Blue Energy,Blue Energy Toril,Diesel = 1500.0,100.573505,3.601331
Blue Energy,Blue Energy Toril,Regular = 1500.0,125.655164,18.204539
Phoenix,Phoenix Bangkal,Premium = 0.99,102.883348,14.271833
Blue Energy,Blue Energy Toril,VPower Diesel = 1500.0,128.353085,14.267037
Uni Oil,Uni Oil Catalunan,VPower Diesel = 9.99,136.78616,16.002822
Phoenix,Phoenix Lanang,VPower Diesel = 0.99,103.423012,9.44005
Petron,Petron Mintal,Gasoline = 999.99,148.481489,14.743875
Uni Oil,Uni Oil Toril,Gasoline = 500.0,103.924145,9.675493
Petron,Petron Buhangin,Premium = 2.25,122.697745,0.206446
SK,SK Mintal,VPower Diesel = 150.0,138.066423,2.442626
Petron,Petron Toril,Premium = 999.99,115.993276,29.722083
Phoenix,Phoenix Ulas,Regular = 777.77,101.809406,20.794468
Caltex,Caltex Toril,Premium = 1.5,109.301931,4.896941
Gas Island,Gas Island Toril,Gasoline = 0.99,103.226362,1.772616
SK,SK Ulas,VPower Diesel = 0.99,141.238984,16.981942
Caltex,Caltex Matina,Premium = 9.99,145.153258,14.167351
Uni Oil,Uni Oil Bangkal,Gasoline = 1.5,128.767148,18.741376
Phoenix,Phoenix Matina,Diesel = 1.5,130.553248,15.530765
Sea Oil,Sea Oil Toril,Gasoline = 777.77,110.939951,26.54826
SK,SK Ulas,Diesel = 777.77,119.053344,4.094129
Phoenix,Phoenix Digos,Diesel = 250.5,126.463893,10.549899
SK,SK Catalunan,Regular = 777.77,110.955086,16.69162
Gas Island,Gas Island Ulas,Diesel = 1500.0,120.026539,8.875684
Gas Island,Gas Island Toril,VPower Diesel = 9.99,108.672447,7.354799
Uni Oil,Uni Oil Catalunan,Regular = 500.0,126.197193,7.47973
Petron,Petron Lanang,Gasoline = 9.99,133.604874,7.926048
SK,SK Ulas,Gasoline = 999.99,127.159532,3.121109
Caltex,Caltex Catalunan,Premium = 250.5,127.187127,18.620828
Shell,Shell Digos,Premium = 2.25,135.639941,17.937255
SK,SK Lanang,Regular = 150.0,132.704228,1.63135
Blue Energy,Blue Energy Panacan,Diesel = 999.99,119.478885,17.528178
Sea Oil,Sea Oil Lanang,Premium = 1500.0,102.676087,26.462815
Sea Oil,Sea Oil Mintal,VPower Diesel = 5.0,138.511464,25.291522
Shell,Shell Ulas,Regular = 0.99,102.130513,27.037096
Jetti,Jetti Digos,Premium = 5.0,113.079199,10.087311
Phoenix,Phoenix Digos,Diesel = 9.99,121.939748,2.175819
Sea Oil,Sea Oil Toril,VPower Diesel = 777.77,108.23428,6.406028
Uni Oil,Uni Oil Buhangin,Regular = 150.0,146.065667,19.279363
Blue Energy,Blue Energy Lanang,Regular = 0.99,103.128775,20.829587
Blue Energy,Blue Energy Buhangin,Regular = 150.0,148.989925,21.883619
Blue Energy,Blue Energy Panacan,Regular = 5.0,119.252043,19.290583
Blue Energy,Blue Energy Ulas,Regular = 0.99,126.264247,2.666478
Sea Oil,Sea Oil Matina,Gasoline = 0.99,134.657335,25.99035
Phoenix,Phoenix Toril,Diesel = 250.5,100.231563,4.123815
Uni Oil,Uni Oil Mintal,Diesel = 1.5,144.137666,1.895883
Uni Oil,Uni Oil Ulas,Regular = 2.25,144.563056,25.467613
Petron,Petron Mintal,Diesel = 2.25,139.883183,6.45038
Gas Island,Gas Island Buhangin,VPower Diesel = 999.99,149.094589,28.599211
Uni Oil,Uni Oil Panacan,Regular = 5.0,127.539991,23.671261
Uni Oil,Uni Oil Matina,Diesel = 500.0,112.56099,3.366907
Gas Island,Gas Island Toril,Premium = 500.0,116.243666,7.547691
Gas Island,Gas Island Mintal,Gasoline = 2.25,127.615905,13.203638
Sea Oil,Sea Oil Toril,VPower Diesel = 500.0,107.046047,15.177714
Blue Energy,Blue Energy Buhangin,Premium = 1500.0,144.956024,3.718804
Jetti,Jetti Lanang,Diesel = 250.5,109.552981,9.73888
Blue Energy,Blue Energy Ulas,Diesel = 777.77,110.704317,12.557085
SK,SK Buhangin,Premium = 9.99,129.34928,5.577178
Caltex,Caltex Matina,Premium = 999.99,101.365213,26.202798
Sea Oil,Sea Oil Digos,VPower Diesel = 5.0,112.782439,12.604493
Gas Island,Gas Island Catalunan,Regular = 150.0,104.782316,23.053592
Uni Oil,Uni Oil Lanang,Regular = 1.5,108.131163,26.157547
Jetti,Jetti Digos,Gasoline = 150.0,124.058529,14.490267
Blue Energy,Blue Energy Panacan,Gasoline = 500.0,125.781051,24.162162
Uni Oil,Uni Oil Catalunan,Premium = 0.99,134.959264,1.294727
SK,SK Panacan,Diesel = 150.0,132.389166,13.90717
Gas Island,Gas Island Matina,Diesel = 5.0,107.293273,2.027628
Uni Oil,Uni Oil Digos,Regular = 0.99,124.431228,7.901184
Shell,Shell Catalunan,VPower Diesel = 999.99,139.324448,27.894766
Phoenix,Phoenix Panacan,VPower Diesel = 999.99,125.325461,17.912736
Blue Energy,Blue Energy Ulas,VPower Diesel = 250.5,142.089998,29.122122
Uni Oil,Uni Oil Matina,VPower Diesel = 5.0,125.670386,14.869515
Caltex,Caltex Mintal,Diesel = 250.5,143.44415,23.049595
Uni Oil,Uni Oil Ulas,Gasoline = 1.5,126.467736,22.815638
Jetti,Jetti Lanang,Diesel = 777.77,126.143607,2.051658
Sea Oil,Sea Oil Panacan,Gasoline = 5.0,128.825569,7.656157
Sea Oil,Sea Oil Panacan,Premium = 2.25,140.99721,2.905923
Gas Island,Gas Island Toril,Premium = 9.99,132.31283,25.521049
Blue Energy,Blue Energy Digos,VPower Diesel = 0.99,140.83471,21.644227
Phoenix,Phoenix Bangkal,VPower Diesel = 2.25,101.031313,16.230609
Gas Island,Gas Island Mintal,VPower Diesel = 1500.0,125.366452,7.26981
Jetti,Jetti Matina,Diesel = 9.99,134.476862,15.747476
Gas Island,Gas Island Catalunan,VPower Diesel = 999.99,127.239696,28.008327
Sea Oil,Sea Oil Panacan,Gasoline = 150.0,107.135203,27.934269
Sea Oil,Sea Oil Catalunan,Premium = 1500.0,101.800238,28.495004
Phoenix,Phoenix Mintal,Regular = 150.0,110.441456,22.751235
Caltex,Caltex Mintal,Regular = 0.99,144.882696,3.551269
Sea Oil,Sea Oil Bangkal,VPower Diesel = 9.99,123.186242,13.014574
Gas Island,Gas Island Toril,Premium = 0.99,115.104776,29.618278
Petron,Petron Ulas,Diesel = 150.0,109.731045,24.948736
Gas Island,Gas Island Bangkal,Regular = 250.5,120.510836,28.841575
Gas Island,Gas Island Panacan,Gasoline = 9.99,145.24274,12.486228
Petron,Petron Ulas,Diesel = 999.99,107.075472,21.086192
Shell,Shell Digos,VPower Diesel = 9.99,106.32092,19.165494
Blue Energy,Blue Energy Catalunan,Gasoline = 9.99,100.852589,10.622716
Phoenix,Phoenix Buhangin,Diesel = 5.0,101.873838,23.766445
Uni Oil,Uni Oil Toril,VPower Diesel = 999.99,139.528818,20.332375
Sea Oil,Sea Oil Buhangin,Gasoline = 1500.0,115.353639,2.264159
Jetti,Jetti Matina,Diesel = 777.77,104.243975,15.625893
SK,SK Digos,Premium = 0.99,149.390891,19.023708
Caltex,Caltex Ulas,Regular = 9.99,131.416436,16.35396
Shell,Shell Mintal,Regular = 0.99,120.947808,1.924232
Shell,Shell Matina,Regular = 250.5,145.850333,15.072566
Caltex,Caltex Matina,Regular = 777.77,143.827804,0.388001
Blue Energy,Blue Energy Bangkal,Gasoline = 1500.0,110.8467,22.724425
Petron,Petron Digos,Regular = 777.77,107.349126,19.607266
Shell,Shell Lanang,Regular = 2.25,146.013896,8.746696
Uni Oil,Uni Oil Lanang,VPower Diesel = 1.5,106.053006,22.728598
Caltex,Caltex Matina,Gasoline = 150.0,132.58424,19.545142
Gas Island,Gas Island Mintal,VPower Diesel = 1.5,140.79734,24.651861
Gas Island,Gas Island Ulas,Regular = 9.99,134.754457,22.63575
Jetti,Jetti Ulas,Diesel = 150.0,116.484506,25.384385
Caltex,Caltex Panacan,Regular = 999.99,102.585203,26.195682
SK,SK Lanang,VPower Diesel = 2.25,112.160149,20.117687
Caltex,Caltex Matina,Premium = 500.0,125.603881,19.830681
Petron,Petron Catalunan,Premium = 9.99,101.500099,12.4865
Jetti,Jetti Matina,Diesel = 9.99,124.830526,25.583609
Jetti,Jetti Catalunan,Premium = 1.5,131.35556,24.19296
Shell,Shell Digos,Regular = 999.99,103.14231,28.883586
Gas Island,Gas Island Lanang,Gasoline = 1.5,137.94822,14.67134
SK,SK Toril,Gasoline = 999.99,111.855555,0.6198
Blue Energy,Blue Energy Digos,Regular = 250.5,117.135162,24.548177
Petron,Petron Mintal,VPower Diesel = 2.25,130.441094,25.314859
Shell,Shell Mintal,Gasoline = 150.0,116.904857,25.937013
Shell,Shell Matina,VPower Diesel = 5.0,114.487549,14.432744
SK,SK Toril,VPower Diesel = 0.99,144.824791,10.666444
Shell,Shell Toril,Gasoline = 1500.0,140.835941,6.89503
Phoenix,Phoenix Panacan,VPower Diesel = 5.0,123.968517,25.12165
Uni Oil,Uni Oil Catalunan,Gasoline = 1.5,113.041343,1.540944
Uni Oil,Uni Oil Lanang,Diesel = 999.99,132.678811,28.311925
SK,SK Buhangin,VPower Diesel = 5.0,104.90397,20.157737
Caltex,Caltex Panacan,Premium = 999.99,101.268251,21.766391
SK,SK Digos,VPower Diesel = 1500.0,127.031877,9.545606
Blue Energy,Blue Energy Panacan,Diesel = 777.77,141.998781,19.798859
Blue Energy,Blue Energy Lanang,Premium = 0.99,126.88845,13.645875
Jetti,Jetti Lanang,Diesel = 2.25,110.458408,5.849213
Caltex,Caltex Catalunan,Gasoline = 500.0,117.939372,1.137998
Uni Oil,Uni Oil Lanang,Premium = 150.0,136.644132,13.354541
Phoenix,Phoenix Mintal,Premium = 1500.0,106.795522,29.724137
Sea Oil,Sea Oil Buhangin,Premium = 5.0,145.354893,9.438096
Petron,Petron Panacan,Regular = 0.99,119.370946,25.244156
Uni Oil,Uni Oil Lanang,Premium = 250.5,101.558982,23.075099
Shell,Shell Catalunan,Regular = 0.99,133.241361,10.698727
Phoenix,Phoenix Catalunan,VPower Diesel = 1.5,105.935947,16.136395
Blue Energy,Blue Energy Toril,VPower Diesel = 500.0,135.420531,24.712392
Uni Oil,Uni Oil Digos,Regular = 0.99,104.598101,17.025671
Sea Oil,Sea Oil Toril,Gasoline = 1.5,121.337559,9.850023
Shell,Shell Matina,VPower Diesel = 500.0,132.394475,9.289615
Uni Oil,Uni Oil Buhangin,VPower Diesel = 0.99,143.625252,27.484342
Jetti,Jetti Mintal,Gasoline = 999.99,107.289187,16.022285
Petron,Petron Digos,Diesel = 999.99,113.799266,28.794654
Caltex,Caltex Lanang,Diesel = 5.0,141.258738,13.919055
Jetti,Jetti Lanang,Gasoline = 5.0,103.247898,10.005118
Gas Island,Gas Island Mintal,Premium = 5.0,145.977636,16.845246
Jetti,Jetti Mintal,Gasoline = 1500.0,113.317984,24.517218
Petron,Petron Ulas,Gasoline = 2.25,137.628895,22.705063
Sea Oil,Sea Oil Toril,VPower Diesel = 999.99,140.379205,24.333139
Petron,Petron Buhangin,Gasoline = 9.99,119.090805,22.15455
Shell,Shell Buhangin,Premium = 999.99,125.868076,22.573052
SK,SK Digos,Diesel = 500.0,117.566893,2.177057
Shell,Shell Mintal,Regular = 500.0,103.586334,15.40044
SK,SK Panacan,Gasoline = 150.0,111.525181,18.570766
Phoenix,Phoenix Catalunan,Gasoline = 2.25,100.363909,21.414683
Blue Energy,Blue Energy Digos,Diesel = 150.0,132.142355,13.58733
SK,SK Bangkal,VPower Diesel = 1500.0,134.632832,6.350841
Shell,Shell Lanang,Gasoline = 5.0,147.610447,18.861238
Petron,Petron Buhangin,Diesel = 5.0,115.518664,17.455503
SK,SK Catalunan,Gasoline = 999.99,102.304034,23.862363
Uni Oil,Uni Oil Bangkal,Diesel = 250.5,119.492484,23.902647
SK,SK Digos,Gasoline = 250.5,107.565503,9.402841
Phoenix,Phoenix Catalunan,Gasoline = 777.77,146.895251,11.791158
Phoenix,Phoenix Lanang,Regular = 777.77,104.319508,28.047938
Phoenix,Phoenix Mintal,Gasoline = 5.0,116.848479,2.351263
Blue Energy,Blue Energy Matina,Regular = 5.0,129.148347,3.877264
Gas Island,Gas Island Bangkal,Gasoline = 5.0,109.181491,8.596422
Sea Oil,Sea Oil Digos,Premium = 250.5,115.986389,6.00493
Shell,Shell Ulas,Gasoline = 9.99,106.055472,5.409906
Shell,Shell Toril,Diesel = 999.99,121.763316,24.528023
Jetti,Jetti Toril,Gasoline = 1500.0,111.669689,10.91758
Caltex,Caltex Bangkal,VPower Diesel = 777.77,144.182677,14.54809
Shell,Shell Bangkal,Premium = 0.99,119.116449,26.774263
Uni Oil,Uni Oil Toril,Gasoline = 500.0,124.439603,3.414044
Shell,Shell Matina,Gasoline = 2.25,116.247712,8.418993
Uni Oil,Uni Oil Buhangin,Diesel = 5.0,100.811877,6.714825
Uni Oil,Uni Oil Toril,Regular = 0.99,115.047782,29.611082
SK,SK Buhangin,Diesel = 1500.0,119.595709,6.121091
Phoenix,Phoenix Mintal,Gasoline = 5.0,112.592876,18.457249
Blue Energy,Blue Energy Panacan,VPower Diesel = 1500.0,147.200205,24.170236
Caltex,Caltex Lanang,Regular = 1.5,112.155384,26.461015
Petron,Petron Panacan,Diesel = 250.5,102.025906,17.437094
SK,SK Mintal,Gasoline = 9.99,115.799727,8.828547
Caltex,Caltex Ulas,VPower Diesel = 150.0,128.586131,28.050597
Gas Island,Gas Island Bangkal,VPower Diesel = 500.0,111.840265,14.832809
Phoenix,Phoenix Mintal,VPower Diesel = 1.5,101.823669,26.294248
Uni Oil,Uni Oil Catalunan,Regular = 500.0,144.981973,6.286821
Uni Oil,Uni Oil Matina,VPower Diesel = 250.5,148.456777,29.799691
Shell,Shell Buhangin,Diesel = 5.0,130.247736,12.464172
Uni Oil,Uni Oil Ulas,Gasoline = 777.77,126.942348,0.269091
Petron,Petron Mintal,Diesel = 5.0,121.295123,29.583677
Sea Oil,Sea Oil Toril,VPower Diesel = 777.77,138.071658,8.838445
SK,SK Toril,Gasoline = 2.25,140.290799,14.262362
Uni Oil,Uni Oil Lanang,Regular = 150.0,132.44155,23.28189
Gas Island,Gas Island Matina,Premium = 5.0,135.7368,28.654812
Jetti,Jetti Catalunan,Premium = 9.99,127.29745,7.899401
Jetti,Jetti Mintal,Gasoline = 1500.0,132.699443,12.362858
Sea Oil,Sea Oil Toril,Regular = 999.99,123.981955,26.921196
Gas Island,Gas Island Ulas,Premium = 1500.0,146.451091,8.394847
Petron,Petron Panacan,Gasoline = 1500.0,144.092542,25.971743
Sea Oil,Sea Oil Matina,Diesel = 0.99,123.419918,5.911602
Blue Energy,Blue Energy Buhangin,Gasoline = 9.99,115.783211,1.207278
Phoenix,Phoenix Toril,VPower Diesel = 0.99,113.834935,15.70471
Jetti,Jetti Catalunan,Gasoline = 9.99,130.164155,25.540486
Jetti,Jetti Bangkal,Premium = 250.5,119.731884,4.536468
Jetti,Jetti Toril,VPower Diesel = 999.99,122.470406,22.784645
Caltex,Caltex Bangkal,VPower Diesel = 1.5,146.306973,6.112313
Phoenix,Phoenix Mintal,Gasoline = 150.0,101.969054,1.376563
Uni Oil,Uni Oil Toril,Diesel = 9.99,140.540457,4.974907
Caltex,Caltex Bangkal,Diesel = 500.0,100.224739,4.41826
Sea Oil,Sea Oil Buhangin,VPower Diesel = 999.99,136.415961,16.288774
Jetti,Jetti Digos,VPower Diesel = 500.0,105.888353,18.155404
Petron,Petron Toril,Regular = 9.99,132.776184,8.649799
Caltex,Caltex Matina,Gasoline = 2.25,129.809965,25.785457
SK,SK Lanang,Gasoline = 2.25,122.170172,13.346254
Sea Oil,Sea Oil Mintal,Regular = 0.99,101.13059,22.855912
SK,SK Mintal,Diesel = 2.25,101.156143,18.058035
Phoenix,Phoenix Matina,Regular = 1500.0,144.659768,24.734281
Blue Energy,Blue Energy Bangkal,VPower Diesel = 5.0,124.231487,26.346687
Phoenix,Phoenix Bangkal,Premium = 500.0,103.064953,25.444448
Phoenix,Phoenix Digos,Premium = 1500.0,119.899811,21.316805
Blue Energy,Blue Energy Digos,Gasoline = 500.0,126.377384,6.486006
Uni Oil,Uni Oil Buhangin,Gasoline = 777.77,119.318861,19.646542
Phoenix,Phoenix Digos,Diesel = 1.5,107.488972,3.082763
Gas Island,Gas Island Buhangin,Premium = 5.0,126.613303,15.60812
SK,SK Ulas,Regular = 9.99,143.728751,1.668292
Petron,Petron Mintal,Premium = 9.99,111.878416,25.498653
Uni Oil,Uni Oil Lanang,VPower Diesel = 777.77,105.012879,0.004115
Sea Oil,Sea Oil Ulas,Diesel = 9.99,103.111903,29.896086
SK,SK Mintal,Diesel = 5.0,141.287405,16.456177
Blue Energy,Blue Energy Toril,Diesel = 9.99,147.950702,6.052214
Gas Island,Gas Island Mintal,Premium = 1.5,117.155067,17.367979
Caltex,Caltex Toril,Regular = 1.5,105.59901,28.067271
Gas Island,Gas Island Ulas,Regular = 999.99,138.357,17.587733
Sea Oil,Sea Oil Bangkal,VPower Diesel = 777.77,138.239127,18.600085
Uni Oil,Uni Oil Toril,Diesel = 1.5,108.642829,2.95407
Petron,Petron Matina,Gasoline = 250.5,106.484451,1.197603
Petron,Petron Bangkal,Premium = 500.0,101.91204,18.724061
Gas Island,Gas Island Digos,VPower Diesel = 9.99,138.976369,8.066064
Sea Oil,Sea Oil Panacan,Gasoline = 250.5,142.672748,22.027524
Gas Island,Gas Island Matina,Regular = 777.77,148.611031,20.293769
Petron,Petron Matina,VPower Diesel = 1500.0,119.314791,27.488758
Petron,Petron Digos,Diesel = 500.0,127.035444,18.096079
Phoenix,Phoenix Mintal,Premium = 0.99,119.425291,22.188528
Sea Oil,Sea Oil Lanang,Gasoline = 999.99,128.795023,26.724107
Shell,Shell Matina,VPower Diesel = 500.0,131.222313,9.608982
SK,SK Panacan,Gasoline = 0.99,142.970475,9.927253
Petron,Petron Catalunan,Gasoline = 1.5,107.597081,9.853875
Sea Oil,Sea Oil Lanang,Gasoline = 250.5,102.574646,13.951265
Blue Energy,Blue Energy Panacan,Gasoline = 5.0,116.62189,3.099758
Uni Oil,Uni Oil Mintal,Regular = 250.5,113.368532,9.751697
Sea Oil,Sea Oil Panacan,Regular = 250.5,104.878193,18.329658
Shell,Shell Buhangin,Premium = 9.99,102.161373,10.127054
Jetti,Jetti Ulas,Diesel = 0.99,127.15875,25.533096
Shell,Shell Panacan,Diesel = 0.99,141.656179,8.044706
SK,SK Toril,Regular = 500.0,146.707586,16.120865
Blue Energy,Blue Energy Panacan,VPower Diesel = 1.5,145.319918,8.259649
SK,SK Matina,Regular = 1500.0,133.74404,24.805875
Shell,Shell Toril,Premium = 2.25,119.281927,20.25395
Caltex,Caltex Lanang,Gasoline = 1.5,107.973127,0.946427
Jetti,Jetti Ulas,Premium = 999.99,127.709847,3.544348
Phoenix,Phoenix Panacan,Diesel = 999.99,111.832432,5.751307
Sea Oil,Sea Oil Ulas,Regular = 250.5,127.824652,2.365988
Caltex,Caltex Mintal,Premium = 2.25,111.608267,15.873935
SK,SK Catalunan,Diesel = 500.0,117.751521,15.096277
Phoenix,Phoenix Bangkal,Regular = 777.77,149.217694,17.777193
Shell,Shell Bangkal,Premium = 500.0,135.608506,12.015503
Sea Oil,Sea Oil Matina,VPower Diesel = 1.5,102.154606,12.467852
SK,SK Lanang,Diesel = 250.5,140.145022,13.646516
Petron,Petron Mintal,Premium = 1.5,130.81196,27.266115
Uni Oil,Uni Oil Bangkal,Premium = 777.77,144.549102,18.214263
Caltex,Caltex Matina,Diesel = 1.5,135.66306,11.783002
Jetti,Jetti Ulas,Gasoline = 500.0,122.876104,28.423168
Phoenix,Phoenix Catalunan,Gasoline = 777.77,122.595379,0.712125
Blue Energy,Blue Energy Toril,Regular = 777.77,128.27597,19.248575
Gas Island,Gas Island Matina,Diesel = 250.5,138.436088,3.713925
Shell,Shell Catalunan,Premium = 1500.0,139.613475,4.429265
Shell,Shell Lanang,Regular = 150.0,138.756626,8.343807
SK,SK Mintal,Gasoline = 150.0,112.691337,16.94045
Gas Island,Gas Island Buhangin,Regular = 2.25,129.343252,22.678874
Blue Energy,Blue Energy Ulas,Diesel = 9.99,139.101709,24.7033
Shell,Shell Ulas,Regular = 777.77,105.122109,23.643881
Caltex,Caltex Digos,VPower Diesel = 2.25,130.889477,24.833668
Shell,Shell Panacan,VPower Diesel = 2.25,139.728319,6.372964
Blue Energy,Blue Energy Catalunan,VPower Diesel = 500.0,144.976574,6.976252
Shell,Shell Matina,Diesel = 500.0,107.854979,22.150145
Uni Oil,Uni Oil Panacan,VPower Diesel = 777.77,109.517746,1.087135
Phoenix,Phoenix Matina,Regular = 250.5,117.342626,23.149263
Jetti,Jetti Catalunan,VPower Diesel = 1.5,145.08935,29.094892
Petron,Petron Catalunan,VPower Diesel = 5.0,133.101176,18.832825
Petron,Petron Catalunan,Diesel = 500.0,128.4354,0.106167
Blue Energy,Blue Energy Matina,Regular = 9.99,146.014145,24.468348
Sea Oil,Sea Oil Lanang,Regular = 150.0,115.544097,7.400237
Jetti,Jetti Digos,Regular = 0.99,145.463588,6.822552
Blue Energy,Blue Energy Mintal,Diesel = 0.99,107.025823,20.321984
Phoenix,Phoenix Ulas,Diesel = 777.77,126.002818,18.937583
Blue Energy,Blue Energy Buhangin,Gasoline = 999.99,124.951385,13.428351
Shell,Shell Catalunan,VPower Diesel = 777.77,120.712458,28.247968
Jetti,Jetti Bangkal,VPower Diesel = 0.99,145.950301,8.023299
Shell,Shell Matina,VPower Diesel = 1500.0,120.286667,17.194299
Sea Oil,Sea Oil Panacan,Regular = 250.5,119.18223,17.413074
Petron,Petron Digos,Diesel = 2.25,140.405012,4.812646
Blue Energy,Blue Energy Bangkal,VPower Diesel = 1.5,104.817628,8.975394
Uni Oil,Uni Oil Matina,VPower Diesel = 500.0,101.070278,10.739277
Caltex,Caltex Digos,Premium = 1500.0,133.591545,10.43099
Jetti,Jetti Panacan,VPower Diesel = 777.77,111.400381,16.806377
Caltex,Caltex Mintal,Gasoline = 150.0,139.547241,18.93044
Sea Oil,Sea Oil Bangkal,Premium = 250.5,129.009336,17.712553
Uni Oil,Uni Oil Digos,Diesel = 250.5,119.839777,7.575848
Blue Energy,Blue Energy Buhangin,Regular = 1.5,142.038994,16.169314
Uni Oil,Uni Oil Mintal,VPower Diesel = 250.5,116.567225,15.521399
SK,SK Toril,Premium = 1500.0,100.005863,5.294377
Uni Oil,Uni Oil Bangkal,Regular = 5.0,129.198793,16.862645
Petron,Petron Lanang,Regular = 0.99,119.304706,19.76012
Caltex,Caltex Catalunan,Gasoline = 999.99,114.934245,2.398445
Caltex,Caltex Lanang,Premium = 1500.0,118.932306,25.932795
Gas Island,Gas Island Lanang,Premium = 250.5,142.406935,17.400739
Sea Oil,Sea Oil Bangkal,Gasoline = 2.25,114.662191,23.111692
Gas Island,Gas Island Toril,Gasoline = 999.99,126.580473,23.149568
Phoenix,Phoenix Catalunan,Regular = 2.25,111.248212,27.527737
Sea Oil,Sea Oil Mintal,Gasoline = 250.5,121.581473,18.914916
SK,SK Mintal,Diesel = 999.99,124.02404,15.506237
Gas Island,Gas Island Buhangin,VPower Diesel = 999.99,123.497925,22.936747
Jetti,Jetti Lanang,Premium = 9.99,130.80633,23.431906
Sea Oil,Sea Oil Catalunan,Gasoline = 5.0,148.927759,14.462906
Sea Oil,Sea Oil Bangkal,Regular = 5.0,132.607947,18.04746
Sea Oil,Sea Oil Lanang,Gasoline = 500.0,128.110889,26.727678
Blue Energy,Blue Energy Bangkal,Regular = 500.0,130.868893,19.109546
Blue Energy,Blue Energy Ulas,Gasoline = 9.99,117.50825,9.054314
Sea Oil,Sea Oil Matina,Diesel = 1.5,114.863212,13.802708
Petron,Petron Bangkal,Premium = 1.5,116.634462,13.213557
Gas Island,Gas Island Bangkal,Premium = 150.0,115.984109,19.993907
Jetti,Jetti Matina,Diesel = 500.0,135.577528,22.35616
Shell,Shell Toril,Gasoline = 500.0,142.400539,17.126041
SK,SK Ulas,Regular = 999.99,109.572383,0.967429
Shell,Shell Buhangin,VPower Diesel = 2.25,110.220864,4.106401
Sea Oil,Sea Oil Catalunan,Gasoline = 250.5,115.68966,11.056914
Shell,Shell Lanang,Regular = 1500.0,139.705512,5.266389
Phoenix,Phoenix Matina,Gasoline = 999.99,143.757474,11.945385
SK,SK Panacan,Regular = 250.5,102.050367,16.303112
SK,SK Ulas,Diesel = 1500.0,122.437959,21.598412
Petron,Petron Mintal,VPower Diesel = 250.5,135.920094,20.477335
Caltex,Caltex Toril,Premium = 1500.0,105.528146,21.536219
Uni Oil,Uni Oil Ulas,VPower Diesel = 1500.0,103.279892,15.25265
Uni Oil,Uni Oil Panacan,Gasoline = 150.0,126.101136,26.874002
Phoenix,Phoenix Lanang,Diesel = 999.99,111.440074,19.142107
Petron,Petron Ulas,Regular = 500.0,143.480527,18.96671
Blue Energy,Blue Energy Buhangin,VPower Diesel = 777.77,108.78649,0.171867
Blue Energy,Blue Energy Mintal,Diesel = 999.99,111.501148,7.582897
Gas Island,Gas Island Matina,Diesel = 777.77,142.451505,26.443095
SK,SK Toril,Gasoline = 5.0,135.901877,9.744477
SK,SK Panacan,Regular = 5.0,131.283961,23.36913
SK,SK Ulas,Diesel = 5.0,137.254698,26.743015
Petron,Petron Matina,Gasoline = 9.99,128.593444,28.879431
Uni Oil,Uni Oil Toril,Premium = 2.25,118.128547,8.561676
Petron,Petron Buhangin,Gasoline = 999.99,107.286794,6.338571
SK,SK Toril,Regular = 500.0,102.765106,22.876596
Uni Oil,Uni Oil Bangkal,VPower Diesel = 9.99,109.018612,13.227617
Jetti,Jetti Toril,Premium = 2.25,140.611238,3.670137
Jetti,Jetti Lanang,Regular = 999.99,100.465249,5.412572
Petron,Petron Lanang,Diesel = 777.77,133.858554,17.607283
Shell,Shell Panacan,Premium = 999.99,134.462072,19.348554
Caltex,Caltex Digos,VPower Diesel = 2.25,122.951142,3.620196
Shell,Shell Lanang,Premium = 150.0,119.693265,3.804221
Caltex,Caltex Toril,Gasoline = 5.0,120.197982,22.258955
Jetti,Jetti Bangkal,Premium = 1500.0,101.663892,11.759699
Caltex,Caltex Buhangin,Regular = 0.99,118.161352,10.236608
Caltex,Caltex Digos,Regular = 777.77,122.188833,18.973371
Shell,Shell Toril,Gasoline = 1.5,118.881199,8.61957
Uni Oil,Uni Oil Matina,Diesel = 5.0,100.143971,13.038205
Caltex,Caltex Bangkal,VPower Diesel = 1.5,129.884138,6.878501
Phoenix,Phoenix Toril,Gasoline = 150.0,148.592816,25.329244
Phoenix,Phoenix Panacan,Gasoline = 150.0,105.491315,14.77913
Phoenix,Phoenix Matina,Gasoline = 999.99,132.938746,13.514466
Caltex,Caltex Bangkal,Diesel = 2.25,141.486141,13.010518
Blue Energy,Blue Energy Ulas,VPower Diesel = 9.99,120.340391,23.462538
Gas Island,Gas Island Digos,Premium = 1500.0,138.900791,8.024415
Gas Island,Gas Island Bangkal,VPower Diesel = 0.99,105.536297,19.249775
Blue Energy,Blue Energy Matina,VPower Diesel = 250.5,128.725259,16.819793
Caltex,Caltex Ulas,Gasoline = 1.5,101.875712,24.758395
Caltex,Caltex Toril,Diesel = 5.0,139.477334,16.249676
SK,SK Toril,Premium = 250.5,122.812447,15.059344
Caltex,Caltex Matina,Gasoline = 150.0,133.804154,8.7388
Jetti,Jetti Bangkal,VPower Diesel = 999.99,135.88459,28.178665
Phoenix,Phoenix Lanang,Premium = 1500.0,137.425297,20.965812
Phoenix,Phoenix Toril,Premium = 250.5,144.285564,7.059726
Phoenix,Phoenix Toril,Premium = 5.0,102.373196,24.065119
Jetti,Jetti Mintal,Diesel = 2.25,118.911477,25.01648
Jetti,Jetti Digos,VPower Diesel = 777.77,140.364786,29.553255
Blue Energy,Blue Energy Buhangin,Regular = 2.25,137.392315,9.583877
Sea Oil,Sea Oil Buhangin,VPower Diesel = 1500.0,128.290533,21.819093
Phoenix,Phoenix Panacan,Regular = 150.0,139.553922,10.922663
Blue Energy,Blue Energy Lanang,Diesel = 500.0,134.844334,28.164098
Caltex,Caltex Buhangin,Diesel = 5.0,145.201826,29.408911
Sea Oil,Sea Oil Bangkal,Gasoline = 250.5,125.780695,21.595171
Jetti,Jetti Buhangin,Regular = 9.99,106.837425,14.233959
Petron,Petron Matina,Diesel = 500.0,100.272619,15.120655
Petron,Petron Mintal,Premium = 150.0,140.376424,8.088555
Gas Island,Gas Island Matina,Premium = 1.5,124.532134,22.603425
Petron,Petron Bangkal,Premium = 150.0,114.375951,28.121653
Uni Oil,Uni Oil Bangkal,Gasoline = 1500.0,121.651066,8.850112
Jetti,Jetti Mintal,Diesel = 150.0,140.573733,11.814659
SK,SK Toril,VPower Diesel = 9.99,108.583953,20.490798
Shell,Shell Catalunan,Premium = 150.0,129.62006,7.924268
Caltex,Caltex Bangkal,Gasoline = 150.0,119.40595,16.192431
Gas Island,Gas Island Digos,Diesel = 5.0,119.420212,2.970974
Jetti,Jetti Matina,Regular = 1.5,127.344437,16.483656
Petron,Petron Catalunan,Premium = 500.0,105.954916,18.887259
Blue Energy,Blue Energy Lanang,Diesel = 5.0,146.304928,18.039933
SK,SK Digos,Premium = 777.77,126.806983,13.134607
SK,SK Matina,Diesel = 0.99,129.973766,17.608902
Uni Oil,Uni Oil Bangkal,Gasoline = 777.77,109.897108,3.812044
Blue Energy,Blue Energy Matina,Regular = 1.5,144.522862,3.958322
Sea Oil,Sea Oil Bangkal,Gasoline = 9.99,102.405149,0.203667
Jetti,Jetti Digos,Premium = 150.0,143.930761,2.566149
Uni Oil,Uni Oil Mintal,Premium = 150.0,115.721593,23.94136
Uni Oil,Uni Oil Digos,VPower Diesel = 1500.0,115.740107,12.831033
Phoenix,Phoenix Panacan,Regular = 0.99,119.680422,6.800235
Caltex,Caltex Bangkal,Diesel = 2.25,120.086854,29.397849
SK,SK Mintal,Premium = 777.77,120.07993,17.037474
Caltex,Caltex Lanang,Premium = 999.99,126.102548,10.069714
Phoenix,Phoenix Bangkal,Diesel = 1500.0,132.475268,15.669025
Phoenix,Phoenix Lanang,Premium = 250.5,127.914835,22.457081
Uni Oil,Uni Oil Matina,Premium = 2.25,112.224192,20.92442
Uni Oil,Uni Oil Matina,Premium = 777.77,132.856657,20.018175
Caltex,Caltex Toril,Diesel = 1.5,145.480812,2.701237
Phoenix,Phoenix Toril,Diesel = 2.25,105.427608,0.962698
Uni Oil,Uni Oil Toril,Diesel = 9.99,102.908405,16.089659
Petron,Petron Ulas,Gasoline = 777.77,104.43931,28.4116
Caltex,Caltex Mintal,VPower Diesel = 2.25,108.642109,13.54497
Caltex,Caltex Ulas,Diesel = 1500.0,102.088782,22.509762
Shell,Shell Buhangin,Diesel = 1.5,104.754918,28.297218
Shell,Shell Digos,VPower Diesel = 1500.0,146.432247,0.893857
Phoenix,Phoenix Ulas,VPower Diesel = 500.0,130.560106,19.351055
Blue Energy,Blue Energy Matina,Regular = 777.77,101.696217,24.145584
Phoenix,Phoenix Mintal,VPower Diesel = 1500.0,123.143399,11.536215
Phoenix,Phoenix Toril,Regular = 9.99,145.432926,19.807719
Phoenix,Phoenix Mintal,Diesel = 500.0,129.031844,11.876655
Uni Oil,Uni Oil Buhangin,Regular = 9.99,137.623381,13.840069
Jetti,Jetti Mintal,Premium = 999.99,121.044147,24.545575
Blue Energy,Blue Energy Panacan,Gasoline = 1500.0,100.564695,10.477313
Sea Oil,Sea Oil Matina,Regular = 2.25,138.695495,21.587304
Sea Oil,Sea Oil Buhangin,VPower Diesel = 9.99,117.15702,24.838329
Sea Oil,Sea Oil Panacan,Diesel = 5.0,123.724024,23.490467
Blue Energy,Blue Energy Catalunan,Gasoline = 2.25,143.998039,28.934969
Petron,Petron Digos,VPower Diesel = 150.0,129.353823,26.776299
Gas Island,Gas Island Bangkal,Diesel = 999.99,139.415818,6.696446
Sea Oil,Sea Oil Matina,Diesel = 250.5,112.048996,7.170542
Blue Energy,Blue Energy Buhangin,VPower Diesel = 5.0,142.428521,12.956581
Sea Oil,Sea Oil Toril,Gasoline = 999.99,122.263157,28.175749
Jetti,Jetti Mintal,VPower Diesel = 9.99,141.006359,25.79167
Phoenix,Phoenix Panacan,Premium = 0.99,112.670156,0.032344
Phoenix,Phoenix Panacan,Premium = 5.0,128.643921,3.590122
Phoenix,Phoenix Mintal,Premium = 9.99,121.462997,21.857841
Jetti,Jetti Bangkal,Premium = 500.0,129.509989,21.749637
Petron,Petron Matina,VPower Diesel = 1.5,118.953064,28.499176
Sea Oil,Sea Oil Panacan,VPower Diesel = 500.0,121.739284,21.916727
Phoenix,Phoenix Matina,Regular = 0.99,138.177703,5.006508
Sea Oil,Sea Oil Bangkal,Gasoline = 1500.0,135.267185,15.843263
Petron,Petron Catalunan,Premium = 150.0,147.569137,8.417065
SK,SK Ulas,Premium = 250.5,140.217437,10.156864
Shell,Shell Digos,Premium = 1.5,135.048268,29.278123
Phoenix,Phoenix Bangkal,Premium = 5.0,147.864334,20.83425
Jetti,Jetti Mintal,Premium = 9.99,146.56822,26.464416
Uni Oil,Uni Oil Mintal,VPower Diesel = 250.5,130.508364,29.304671
Shell,Shell Toril,Premium = 2.25,127.52808,20.287096
Sea Oil,Sea Oil Catalunan,Premium = 150.0,127.966091,4.268508
Jetti,Jetti Mintal,VPower Diesel = 1.5,111.821705,6.666916
Jetti,Jetti Ulas,Diesel = 150.0,133.551204,3.283753
Jetti,Jetti Ulas,VPower Diesel = 250.5,142.546159,21.054432
Petron,Petron Digos,Regular = 500.0,147.181781,1.599139
Gas Island,Gas Island Ulas,Premium = 1500.0,129.562414,23.286359
Sea Oil,Sea Oil Toril,VPower Diesel = 2.25,145.623561,6.087883
Blue Energy,Blue Energy Mintal,Gasoline = 150.0,102.092095,19.391118
Uni Oil,Uni Oil Bangkal,Gasoline = 5.0,102.560283,0.08799
SK,SK Mintal,Regular = 500.0,101.293743,0.778448
Sea Oil,Sea Oil Toril,Diesel = 0.99,111.16089,26.175517
SK,SK Toril,VPower Diesel = 500.0,107.838536,16.057784
Jetti,Jetti Bangkal,Premium = 2.25,126.212942,22.432772
Shell,Shell Panacan,Premium = 1.5,147.22654,16.432944
Blue Energy,Blue Energy Matina,Premium = 5.0,142.402816,25.64698
SK,SK Toril,Regular = 777.77,126.897021,27.498393
Jetti,Jetti Mintal,VPower Diesel = 150.0,126.999554,11.268983
Caltex,Caltex Matina,Diesel = 500.0,138.608445,5.201233
Blue Energy,Blue Energy Digos,Regular = 250.5,128.783604,21.588671
Sea Oil,Sea Oil Lanang,Diesel = 777.77,123.884341,26.603368
Caltex,Caltex Toril,Diesel = 250.5,131.39102,9.935562
Phoenix,Phoenix Toril,Gasoline = 777.77,113.356668,29.171548
SK,SK Ulas,VPower Diesel = 2.25,144.57079,8.88233
Shell,Shell Digos,Premium = 777.77,113.966813,5.186602
Blue Energy,Blue Energy Bangkal,Regular = 500.0,134.951029,15.979491
Uni Oil,Uni Oil Digos,VPower Diesel = 150.0,109.509041,24.264704
Sea Oil,Sea Oil Toril,VPower Diesel = 1500.0,131.65588,5.833003
Sea Oil,Sea Oil Catalunan,VPower Diesel = 1500.0,112.640032,6.425897
Gas Island,Gas Island Ulas,VPower Diesel = 150.0,124.549028,12.816564
Shell,Shell Digos,Gasoline = 5.0,117.231765,10.134253
Gas Island,Gas Island Bangkal,Gasoline = 1500.0,137.774556,23.909073
Petron,Petron Ulas,VPower Diesel = 150.0,110.807564,5.980115
SK,SK Panacan,Regular = 1.5,129.694107,12.965314
Sea Oil,Sea Oil Lanang,VPower Diesel = 2.25,143.832875,9.075878
Gas Island,Gas Island Mintal,Regular = 150.0,124.820677,21.400912
Uni Oil,Uni Oil Mintal,Gasoline = 9.99,139.664648,29.536592
Phoenix,Phoenix Toril,VPower Diesel = 9.99,107.414444,23.607665
Petron,Petron Ulas,Regular = 250.5,136.518822,26.794707
Sea Oil,Sea Oil Catalunan,Regular = 5.0,143.470445,26.120009
Caltex,Caltex Bangkal,Diesel = 150.0,132.703985,9.237374
Shell,Shell Toril,Gasoline = 777.77,123.905111,8.519474
SK,SK Catalunan,VPower Diesel = 250.5,141.620939,13.034135
Blue Energy,Blue Energy Matina,Regular = 777.77,124.455908,25.172171
Phoenix,Phoenix Panacan,VPower Diesel = 0.99,114.308977,27.007663
Sea Oil,Sea Oil Digos,Diesel = 500.0,139.506853,6.183744
Gas Island,Gas Island Buhangin,Regular = 150.0,105.257059,23.525919
SK,SK Mintal,Gasoline = 1.5,105.769846,9.256344
Jetti,Jetti Lanang,Diesel = 1500.0,122.097632,21.680157
Jetti,Jetti Panacan,Premium = 500.0,117.037548,7.507713
Shell,Shell Buhangin,VPower Diesel = 150.0,128.893258,20.629606
Phoenix,Phoenix Lanang,Premium = 9.99,121.927459,1.079657
Uni Oil,Uni Oil Ulas,Premium = 9.99,109.582761,29.816441
Phoenix,Phoenix Toril,Premium = 9.99,116.443349,5.338895
SK,SK Panacan,Regular = 777.77,120.574826,16.167512
Petron,Petron Buhangin,VPower Diesel = 999.99,129.936652,29.565114
Caltex,Caltex Buhangin,VPower Diesel = 250.5,103.453119,5.94802
SK,SK Digos,Premium = 777.77,117.856297,22.197094
Gas Island,Gas Island Bangkal,Gasoline = 2.25,132.904656,7.618002
SK,SK Panacan,Gasoline = 1.5,135.685621,20.039406
Gas Island,Gas Island Digos,VPower Diesel = 999.99,104.276252,20.575185
Jetti,Jetti Catalunan,Gasoline = 999.99,103.413679,18.754654
Blue Energy,Blue Energy Lanang,Premium = 9.99,103.89673,12.645747
Uni Oil,Uni Oil Catalunan,Diesel = 1500.0,109.934392,5.89686
Gas Island,Gas Island Panacan,Premium = 0.99,116.192023,24.703961
Petron,Petron Panacan,Gasoline = 2.25,123.072812,20.434023
Caltex,Caltex Digos,VPower Diesel = 0.99,141.390126,2.964436
Blue Energy,Blue Energy Digos,Regular = 2.25,147.735684,28.998144
Gas Island,Gas Island Mintal,VPower Diesel = 500.0,120.67495,8.915422
Caltex,Caltex Ulas,VPower Diesel = 2.25,148.593426,28.032423
Phoenix,Phoenix Digos,Premium = 999.99,104.194382,13.905442
Jetti,Jetti Matina,Premium = 1.5,126.537709,2.025604
SK,SK Matina,VPower Diesel = 2.25,115.114919,24.394582
Sea Oil,Sea Oil Panacan,Premium = 500.0,130.987116,2.586634
Caltex,Caltex Panacan,VPower Diesel = 0.99,139.664513,21.573264
Sea Oil,Sea Oil Catalunan,Regular = 2.25,122.129928,21.067965
Shell,Shell Catalunan,Diesel = 0.99,128.066736,23.165553
Jetti,Jetti Mintal,Premium = 999.99,128.820443,10.172279
Petron,Petron Panacan,VPower Diesel = 0.99,144.47201,19.239714
SK,SK Matina,Premium = 9.99,143.652774,23.616692
SK,SK Buhangin,Regular = 1.5,104.564574,20.414466
Sea Oil,Sea Oil Toril,Diesel = 999.99,126.735237,26.893447
Phoenix,Phoenix Buhangin,Gasoline = 250.5,106.239706,28.304383
Shell,Shell Bangkal,Gasoline = 999.99,147.891613,25.411761
Sea Oil,Sea Oil Mintal,Diesel = 777.77,100.998789,14.281529
Gas Island,Gas Island Bangkal,Regular = 9.99,141.279278,10.294609
Shell,Shell Toril,VPower Diesel = 0.99,131.169882,25.337709
SK,SK Digos,Gasoline = 9.99,115.77278,22.468218
Blue Energy,Blue Energy Bangkal,Gasoline = 2.25,115.363525,25.834762
Shell,Shell Panacan,Gasoline = 150.0,123.762466,29.413099
Jetti,Jetti Matina,VPower Diesel = 2.25,102.841453,8.708698
Shell,Shell Bangkal,Gasoline = 2.25,143.776911,2.298563
Sea Oil,Sea Oil Toril,Diesel = 9.99,102.691268,8.900194
Sea Oil,Sea Oil Lanang,Gasoline = 999.99,101.057728,18.19046
Jetti,Jetti Buhangin,Gasoline = 1.5,126.042174,21.742759
Jetti,Jetti Ulas,Premium = 500.0,144.374517,26.448345
Phoenix,Phoenix Bangkal,VPower Diesel = 999.99,130.685052,1.328428
Phoenix,Phoenix Mintal,Gasoline = 250.5,125.257291,13.95872
Shell,Shell Ulas,Premium = 250.5,105.643414,17.173918
Blue Energy,Blue Energy Mintal,Gasoline = 0.99,122.624103,16.388106
SK,SK Mintal,Premium = 500.0,104.839026,16.150222
Caltex,Caltex Ulas,Premium = 500.0,148.549373,28.044765
Phoenix,Phoenix Ulas,Gasoline = 0.99,129.180823,2.924385
Blue Energy,Blue Energy Buhangin,Premium = 150.0,142.455653,12.393756
Gas Island,Gas Island Toril,Regular = 777.77,120.798103,14.470775
Sea Oil,Sea Oil Matina,Diesel = 9.99,130.475367,23.733521
Sea Oil,Sea Oil Buhangin,Diesel = 0.99,125.383287,16.282407
Jetti,Jetti Toril,Diesel = 2.25,113.680225,11.867179
Gas Island,Gas Island Catalunan,Regular = 1.5,148.296924,1.097307
Jetti,Jetti Panacan,Gasoline = 250.5,122.566101,12.539416
Petron,Petron Matina,Diesel = 2.25,116.178783,25.828082
SK,SK Buhangin,Regular = 1.5,132.346623,18.526048
Petron,Petron Toril,Premium = 999.99,139.628202,12.551657
Gas Island,Gas Island Catalunan,Regular = 0.99,122.581975,18.890416
Blue Energy,Blue Energy Matina,Diesel = 5.0,123.34816,20.906179
Caltex,Caltex Toril,Gasoline = 999.99,149.237233,27.911225
Sea Oil,Sea Oil Matina,Regular = 9.99,110.802305,11.911656
Jetti,Jetti Buhangin,Premium = 250.5,120.94533,0.339125
Phoenix,Phoenix Lanang,Diesel = 2.25,125.971984,15.681243
Blue Energy,Blue Energy Digos,Diesel = 250.5,126.947372,0.737864
Phoenix,Phoenix Matina,Diesel = 150.0,132.757369,25.940574
Gas Island,Gas Island Buhangin,Gasoline = 777.77,141.696496,3.481453
Jetti,Jetti Toril,Diesel = 2.25,113.376047,24.016044
Shell,Shell Ulas,Gasoline = 5.0,143.974205,1.729899
Petron,Petron Toril,Regular = 1.5,123.215787,15.801737
Sea Oil,Sea Oil Matina,Diesel = 5.0,113.430741,17.229603
Shell,Shell Ulas,Regular = 999.99,118.483385,16.528025
Caltex,Caltex Catalunan,Gasoline = 9.99,112.687468,11.96283
Phoenix,Phoenix Buhangin,Gasoline = 5.0,114.259442,0.85853
Blue Energy,Blue Energy Panacan,Premium = 250.5,105.697521,10.264967
Caltex,Caltex Catalunan,VPower Diesel = 250.5,140.556627,11.392165
Shell,Shell Bangkal,Premium = 2.25,135.436383,15.879686
Jetti,Jetti Catalunan,Regular = 5.0,112.547689,6.203703
Jetti,Jetti Bangkal,Premium = 0.99,119.253157,7.124444
Uni Oil,Uni Oil Bangkal,Regular = 250.5,139.326555,20.626904
Sea Oil,Sea Oil Digos,Regular = 999.99,104.877331,22.379443
Gas Island,Gas Island Ulas,Diesel = 1500.0,147.971053,15.029683
Uni Oil,Uni Oil Digos,Diesel = 777.77,116.779262,19.487508
Shell,Shell Toril,Regular = 2.25,132.272873,6.177765
Shell,Shell Ulas,Regular = 2.25,112.021543,8.534447
Sea Oil,Sea Oil Lanang,Gasoline = 150.0,132.403057,10.604806
Jetti,Jetti Toril,Regular = 250.5,106.376832,21.473071
SK,SK Buhangin,Premium = 150.0,123.44219,10.623664
Shell,Shell Buhangin,VPower Diesel = 777.77,114.468941,28.204518
Shell,Shell Panacan,Regular = 250.5,118.171479,26.628936
SK,SK Lanang,Diesel = 999.99,141.265945,17.928888
Caltex,Caltex Toril,VPower Diesel = 5.0,110.256621,3.360328
Gas Island,Gas Island Matina,Diesel = 999.99,134.291513,11.171384
Gas Island,Gas Island Lanang,VPower Diesel = 2.25,105.365746,6.39955
Caltex,Caltex Toril,VPower Diesel = 0.99,115.133246,12.490358
Uni Oil,Uni Oil Matina,Regular = 250.5,108.064448,18.900211
Phoenix,Phoenix Toril,VPower Diesel = 1.5,103.458288,5.12614
Phoenix,Phoenix Buhangin,VPower Diesel = 150.0,113.499906,7.95625
Petron,Petron Digos,Gasoline = 5.0,136.644159,8.674924
Shell,Shell Buhangin,Regular = 2.25,112.214777,14.063491
Uni Oil,Uni Oil Mintal,VPower Diesel = 777.77,118.264235,18.439726
Shell,Shell Panacan,VPower Diesel = 9.99,122.148181,12.886846
Petron,Petron Toril,Gasoline = 5.0,139.634828,17.430082
Petron,Petron Buhangin,VPower Diesel = 250.5,140.896103,1.655133
Phoenix,Phoenix Catalunan,Diesel = 9.99,110.411668,6.125543
SK,SK Catalunan,Diesel = 150.0,139.53919,13.230183
Jetti,Jetti Lanang,VPower Diesel = 150.0,114.773161,18.954314
Shell,Shell Lanang,Gasoline = 9.99,127.724299,27.938275
Gas Island,Gas Island Catalunan,VPower Diesel = 150.0,109.304663,4.673165
Gas Island,Gas Island Mintal,Regular = 150.0,134.065839,23.646313
Caltex,Caltex Ulas,Diesel = 150.0,102.711819,11.340268
Gas Island,Gas Island Toril,VPower Diesel = 999.99,145.554351,25.091662
Blue Energy,Blue Energy Toril,VPower Diesel = 1500.0,108.875664,20.12557
SK,SK Lanang,Premium = 0.99,100.064007,16.035298
Petron,Petron Lanang,VPower Diesel = 1500.0,117.820627,27.399159
Caltex,Caltex Digos,Premium = 1.5,121.243685,12.810788
Jetti,Jetti Lanang,Regular = 1.5,128.124688,14.029785
Gas Island,Gas Island Lanang,Gasoline = 2.25,104.05139,22.440142
Uni Oil,Uni Oil Digos,VPower Diesel = 250.5,114.279603,8.547313
Sea Oil,Sea Oil Ulas,Diesel = 250.5,113.000941,14.103542
Jetti,Jetti Matina,Gasoline = 0.99,130.093341,12.702685
Caltex,Caltex Buhangin,Gasoline = 5.0,140.52966,28.842092
Shell,Shell Toril,Premium = 500.0,122.068203,14.294291
Jetti,Jetti Buhangin,VPower Diesel = 777.77,138.86983,0.881717
Petron,Petron Mintal,VPower Diesel = 5.0,124.958943,1.494468
Caltex,Caltex Lanang,Regular = 0.99,116.233655,23.809076
Blue Energy,Blue Energy Bangkal,Premium = 5.0,131.59651,10.616654
Caltex,Caltex Bangkal,VPower Diesel = 9.99,120.205543,1.828351
Blue Energy,Blue Energy Mintal,Regular = 0.99,107.655176,24.31165
Caltex,Caltex Matina,Gasoline = 1.5,132.441227,27.749904
Shell,Shell Bangkal,Gasoline = 1.5,128.749982,18.055968
Gas Island,Gas Island Bangkal,Diesel = 0.99,104.651855,23.519753
Caltex,Caltex Panacan,Diesel = 5.0,107.7439,2.392366
Blue Energy,Blue Energy Ulas,Gasoline = 5.0,102.354939,2.673845
Jetti,Jetti Panacan,Regular = 999.99,101.443331,28.150516
SK,SK Matina,Premium = 9.99,139.192895,5.688569
Gas Island,Gas Island Ulas,Gasoline = 2.25,124.121297,9.253472
Gas Island,Gas Island Buhangin,Diesel = 9.99,131.935848,4.730159
Uni Oil,Uni Oil Panacan,Diesel = 9.99,104.29514,17.147562
Sea Oil,Sea Oil Buhangin,Regular = 999.99,148.157677,18.539681
Petron,Petron Buhangin,Diesel = 150.0,100.694913,18.568031
Caltex,Caltex Ulas,Gasoline = 2.25,127.173519,10.294572
Blue Energy,Blue Energy Mintal,VPower Diesel = 2.25,105.814619,10.19575
Petron,Petron Toril,VPower Diesel = 0.99,136.286391,15.002799
Gas Island,Gas Island Lanang,Regular = 999.99,131.947133,16.853184
Blue Energy,Blue Energy Mintal,Diesel = 5.0,132.043495,17.738238
SK,SK Buhangin,Regular = 0.99,136.16559,0.943734
Uni Oil,Uni Oil Catalunan,Diesel = 777.77,104.693957,22.804997
SK,SK Catalunan,VPower Diesel = 2.25,116.614788,17.939534
Caltex,Caltex Toril,Regular = 500.0,139.792739,10.63749
Gas Island,Gas Island Catalunan,Regular = 999.99,120.657631,13.317351
SK,SK Digos,Regular = 0.99,148.72401,27.730283
Jetti,Jetti Ulas,Diesel = 999.99,100.384324,11.23163
Petron,Petron Buhangin,VPower Diesel = 250.5,132.372944,6.029708
Phoenix,Phoenix Buhangin,Diesel = 1500.0,147.541584,5.735828
Phoenix,Phoenix Panacan,Gasoline = 5.0,102.511789,12.15173
Caltex,Caltex Mintal,VPower Diesel = 0.99,145.484146,28.192758
Jetti,Jetti Matina,Premium = 150.0,102.016796,23.14909
Blue Energy,Blue Energy Matina,Regular = 2.25,138.728464,26.226664
Caltex,Caltex Bangkal,VPower Diesel = 2.25,116.120409,19.734023
Jetti,Jetti Bangkal,VPower Diesel = 999.99,129.485737,29.483626
Sea Oil,Sea Oil Ulas,Gasoline = 5.0,121.845515,10.042624
Blue Energy,Blue Energy Toril,Regular = 0.99,122.481887,13.698067
SK,SK Bangkal,Regular = 999.99,105.992177,19.883891
Caltex,Caltex Panacan,Diesel = 500.0,132.483041,24.178664
Sea Oil,Sea Oil Mintal,Diesel = 777.77,144.704588,9.260359
Sea Oil,Sea Oil Toril,Premium = 9.99,130.060695,25.541534
Uni Oil,Uni Oil Catalunan,Premium = 500.0,120.71856,18.682236
Phoenix,Phoenix Ulas,VPower Diesel = 1.5,123.533198,10.60873
Shell,Shell Bangkal,VPower Diesel = 150.0,143.580867,8.638731
SK,SK Bangkal,Diesel = 1.5,127.213322,20.491959
SK,SK Digos,VPower Diesel = 0.99,116.928743,17.770002
Jetti,Jetti Toril,Regular = 5.0,119.44608,5.622655
Phoenix,Phoenix Buhangin,Diesel = 2.25,128.616483,19.110694
Sea Oil,Sea Oil Digos,Diesel = 500.0,114.61756,6.773288
Jetti,Jetti Matina,Regular = 150.0,128.337894,27.630051
Gas Island,Gas Island Toril,Regular = 777.77,130.700379,6.878287
SK,SK Bangkal,Diesel = 500.0,108.95425,26.944861
Gas Island,Gas Island Digos,VPower Diesel = 2.25,102.832143,13.627329
Shell,Shell Mintal,Diesel = 1.5,105.960703,19.513687
Shell,Shell Digos,Regular = 150.0,120.232569,18.062994
Phoenix,Phoenix Digos,Premium = 0.99,140.831327,26.188275
Uni Oil,Uni Oil Digos,VPower Diesel = 1500.0,137.051917,19.900006
Phoenix,Phoenix Bangkal,Gasoline = 5.0,103.102559,27.706813
Uni Oil,Uni Oil Digos,Diesel = 2.25,105.239814,12.22669
Phoenix,Phoenix Bangkal,Gasoline = 150.0,122.09236,18.998292
Petron,Petron Toril,Regular = 9.99,101.328716,13.819978
Uni Oil,Uni Oil Matina,Regular = 1500.0,138.293927,17.062454
Gas Island,Gas Island Buhangin,Gasoline = 500.0,136.170594,12.879776
Phoenix,Phoenix Lanang,VPower Diesel = 1.5,140.049583,22.365179
Jetti,Jetti Lanang,Diesel = 2.25,125.521172,22.707411
Jetti,Jetti Lanang,Diesel = 1500.0,138.70592,3.692769
SK,SK Digos,Premium = 0.99,132.079804,7.943632
Petron,Petron Mintal,Gasoline = 500.0,141.220664,0.386763
Petron,Petron Mintal,Premium = 5.0,131.580414,11.251705
Uni Oil,Uni Oil Lanang,Gasoline = 250.5,106.152662,21.860654
Jetti,Jetti Lanang,Diesel = 2.25,122.399958,3.829565
Gas Island,Gas Island Digos,VPower Diesel = 9.99,120.327984,25.115253
Jetti,Jetti Mintal,Premium = 150.0,122.65744,16.619727
Blue Energy,Blue Energy Buhangin,Premium = 1500.0,101.628504,10.972797
Sea Oil,Sea Oil Bangkal,VPower Diesel = 150.0,142.879801,1.756322
Gas Island,Gas Island Lanang,Gasoline = 777.77,144.479231,24.064034
Phoenix,Phoenix Toril,VPower Diesel = 9.99,118.637359,17.601374
Sea Oil,Sea Oil Panacan,Regular = 150.0,116.805345,28.488161
Caltex,Caltex Buhangin,Gasoline = 500.0,134.331165,25.602492
Caltex,Caltex Digos,Regular = 150.0,147.697412,15.028305
Gas Island,Gas Island Lanang,VPower Diesel = 2.25,135.439317,6.039232
Petron,Petron Toril,VPower Diesel = 999.99,109.895367,18.746716
Jetti,Jetti Digos,VPower Diesel = 250.5,107.62718,23.710506
Caltex,Caltex Bangkal,Diesel = 2.25,140.635874,2.428687
Jetti,Jetti Mintal,VPower Diesel = 0.99,107.995493,22.890639
Caltex,Caltex Bangkal,Gasoline = 9.99,109.013928,26.888457
Jetti,Jetti Ulas,Diesel = 999.99,119.048243,22.634291
Petron,Petron Catalunan,Premium = 2.25,137.776701,19.673926
Jetti,Jetti Catalunan,Diesel = 150.0,136.958224,27.563047
Caltex,Caltex Buhangin,Premium = 2.25,124.698221,7.462286
Caltex,Caltex Panacan,Regular = 9.99,109.43272,6.727401
Caltex,Caltex Panacan,Gasoline = 2.25,149.330522,25.562909
Sea Oil,Sea Oil Buhangin,Diesel = 150.0,134.417339,14.669606
SK,SK Buhangin,VPower Diesel = 150.0,118.897909,28.868581
Caltex,Caltex Buhangin,Diesel = 2.25,124.768145,27.573712
Uni Oil,Uni Oil Panacan,Regular = 9.99,131.071872,0.397324
Shell,Shell Lanang,Gasoline = 777.77,130.222881,28.850885
Phoenix,Phoenix Digos,Regular = 250.5,109.633455,8.754895
Shell,Shell Bangkal,Premium = 777.77,128.604076,0.062009
Blue Energy,Blue Energy Panacan,Diesel = 150.0,109.318187,12.953341
Gas Island,Gas Island Matina,Diesel = 777.77,137.876989,25.750558
Blue Energy,Blue Energy Catalunan,Regular = 1500.0,116.773583,2.758905
Jetti,Jetti Matina,Premium = 9.99,130.708059,14.653931
Uni Oil,Uni Oil Mintal,Gasoline = 0.99,144.409978,24.673416
Caltex,Caltex Digos,VPower Diesel = 0.99,145.030613,0.297824
SK,SK Matina,Regular = 250.5,111.625104,6.168075
Phoenix,Phoenix Buhangin,Regular = 2.25,102.217306,18.867138
SK,SK Catalunan,Diesel = 5.0,108.724597,10.153922
Blue Energy,Blue Energy Ulas,VPower Diesel = 1500.0,137.003871,14.524349
Uni Oil,Uni Oil Mintal,Diesel = 500.0,110.697863,11.174083
Uni Oil,Uni Oil Mintal,Regular = 1500.0,134.421119,4.369396
Blue Energy,Blue Energy Lanang,Regular = 9.99,143.924921,10.559167
Gas Island,Gas Island Catalunan,Premium = 500.0,122.305523,23.572024
SK,SK Toril,Gasoline = 1.5,120.752554,18.154235
Shell,Shell Catalunan,Premium = 5.0,127.599462,8.749053
SK,SK Buhangin,Gasoline = 2.25,114.714353,8.621075
Uni Oil,Uni Oil Lanang,Gasoline = 1.5,107.68325,23.110485
Shell,Shell Catalunan,Premium = 2.25,145.435185,0.408089
Gas Island,Gas Island Panacan,Premium = 1500.0,103.94363,21.149493
Gas Island,Gas Island Bangkal,Gasoline = 777.77,123.442888,1.492766
SK,SK Ulas,Regular = 250.5,104.726785,14.745807
Shell,Shell Matina,Regular = 150.0,103.797713,14.51064
Caltex,Caltex Toril,Regular = 150.0,112.583464,8.323337
Blue Energy,Blue Energy Catalunan,Diesel = 1500.0,132.560962,8.430549
Phoenix,Phoenix Digos,Diesel = 0.99,117.810091,29.265366
SK,SK Buhangin,VPower Diesel = 777.77,129.76629,8.910523
Sea Oil,Sea Oil Buhangin,Premium = 2.25,136.648621,26.029834
Uni Oil,Uni Oil Catalunan,VPower Diesel = 9.99,102.83126,18.163118
Blue Energy,Blue Energy Toril,Diesel = 150.0,116.611766,26.074815
Shell,Shell Matina,VPower Diesel = 777.77,130.976656,0.495821
Blue Energy,Blue Energy Ulas,Regular = 9.99,103.086421,4.450105
Phoenix,Phoenix Ulas,Regular = 0.99,120.388317,1.810089
Uni Oil,Uni Oil Toril,VPower Diesel = 777.77,117.271351,28.295116
